{"cameraMode":{"drawMode":0,"name":"Shaded","section":"Shading Mode"},"sceneLighting":false,"audioPlay":false,"sceneViewState":{"m_AlwaysRefresh":false,"showFog":true,"showSkybox":false,"showFlares":true,"showImageEffects":true,"showParticleSystems":true,"showVisualEffectGraphs":true,"m_FxEnabled":true},"in2DMode":false,"pivot":{"x":3.587845802307129,"y":3.0513999462127687,"z":2.685009002685547},"rotation":{"x":-0.15266865491867066,"y":0.022825444117188455,"z":-0.0035269660875201227,"w":-0.988003671169281},"size":0.21650634706020356,"orthographic":false}