{"cameraMode":{"drawMode":0,"name":"Shaded","section":"Shading Mode"},"sceneLighting":false,"audioPlay":false,"sceneViewState":{"m_AlwaysRefresh":false,"showFog":true,"showSkybox":false,"showFlares":true,"showImageEffects":true,"showParticleSystems":true,"showVisualEffectGraphs":true,"m_FxEnabled":true},"in2DMode":false,"pivot":{"x":6.964106559753418,"y":3.2088451385498049,"z":10.234782218933106},"rotation":{"x":-0.12448585778474808,"y":-0.0008946228190325201,"z":0.00011245317000430077,"w":-0.9922230839729309},"size":7.455193519592285,"orthographic":false}